child_id,uuid,action
T-F0036-P1193,uuid:00500e5c-5f08-47f4-93d6-b149a5a3b99b,delete
T-F0102-P1539,uuid:05b392d0-b8a7-43b2-8f84-9ea6454fc48b,delete
T-F0089-P0311,uuid:9c79b0b2-671d-4d45-8b1d-8fdc1efcdc61,delete
T-F0028-P1582,uuid:e353611a-7666-4659-99ba-4437b6845715,delete
T-F0007-P1444,uuid:e595de36-e26c-4016-8d74-7ad699e6e5e8,delete
T-F0024-P0132,uuid:17cf4cdb-ba38-4f87-ba8d-92d9a5cd56e9,delete
T-F0011-P2010,uuid:19f761fe-5d92-4f00-b035-e6fd09cc0d8c,delete
T-F0002-P0847,uuid:1c8d3485-1e47-474e-a2ca-056d62bdf722,delete
T-F0011-P2279,uuid:263ee216-3a3e-41f7-8664-335c9712ece9,delete
T-F0026-P0703,uuid:3263825f-7970-4b3f-8083-159c43397991,delete
T-F0101-P1875,uuid:39cc4592-40b0-476c-b49d-0921a472603f,delete
T-F0018-P1504,uuid:3a1fc32f-b164-45f5-80aa-27e2bf8c6812,delete
T-F0038-P1925,uuid:3dd9e402-5e19-41d6-b075-262e40ceb1f2,delete
T-F0002-P0172,uuid:48b986d8-9e75-497d-a36c-68062c0434e1,delete
T-F0001-P0138,uuid:49910b0b-c1cc-4d9a-bd82-ff238179b128,delete
T-F0002-P1137,uuid:596464d3-63d1-46f9-bebd-d59f263bf42e,delete
T-F0002-P1135,uuid:5a4a36cb-e1e5-4541-b75a-e1490b56a7d8,delete
T-F0043-P4168,uuid:905b9fc0-a5a6-4a5f-8279-db9559242e9b,delete
T-F0014-P0722,uuid:7d3cfe71-d25a-40bd-8e8b-e2ed9a7089e4,delete
T-F0021-P1049,uuid:8a7bd5d0-a1ca-4acd-9d7a-e12ec7fc3997,delete
T-F0038-P2355,uuid:ab49f9b6-0c6a-4a11-987f-a2a10d78907b,delete
T-F0005-P0036,uuid:b6bc517b-961d-4b9a-8eb1-cbf0f5c5e5d3,delete
T-F0004-P0550,uuid:c3cd5a06-ef38-4f4c-a6c3-9e2db6434e37,delete
T-F0088-P0341,uuid:c5df01e3-b3ef-4044-bfb8-e30ab3e1d389,delete
T-F0011-P0779,uuid:cc22bd26-73f1-4e07-abf7-acbcb3d9d80b,delete
T-F0089-P0312,uuid:fe71678c-6af5-4f31-b81e-ad36bea5663e,delete
T-F0002-P0927,uuid:06e9330f-12c7-4cc2-8c08-d31022dd1c32,delete
T-F0093-P0551,uuid:faba4151-b5fd-4f4f-a307-9bac27598f24,delete
T-F0004-P0664,uuid:fb39c327-19bd-45f9-a63b-baa9cd13d0c2,delete
T-F0008-P0748,uuid:fc276c02-26ec-4ea9-a873-db32b3ae8086,delete
T-F0021-P0111,uuid:e7b509bc-323f-4009-89de-6f53aeb5d6ef,delete
T-F0002-P0696,uuid:e22ef6d4-6ddf-4829-aea0-25d6b4a2c220,delete
T-F0036-P0802,uuid:d8ee7569-f17c-449c-96d0-edf9116ceb35,delete
T-F0095-P0944,uuid:dc70b508-675e-4752-8529-b6b96f04fb42,delete
T-F0043-P0527,uuid:d6daa457-6ed2-46e4-af45-ee64be0baa14,delete
T-F0007-P0794,uuid:d019c46d-bb7d-4b5e-8d76-e4335a9e5595,delete
T-F0100-P1090,uuid:c133c302-4ed4-45f1-9533-aa39d9afe845,delete
T-F0036-P0978,uuid:89f89bc8-4fd8-4bb5-a438-8d2e845f608f,delete
T-F0002-P0528,uuid:87704f97-3425-4d67-88f2-1b84b4b2f1fa,delete
T-F0035-P3253,uuid:72abe816-4523-4fe2-9de2-17f683fac2e5,delete
T-F0011-P2488,uuid:7a87e164-3d24-430b-a0a0-a49960143106,delete
T-F0023-P0400,uuid:40cabcf6-e601-433a-8141-15dcb34728da,delete
T-F0014-P1968,uuid:42b27002-0b93-4c93-a686-42971c210a86,delete
T-F0026-P0807,uuid:e0722dc6-26b8-47de-a140-cddcfebad871,delete
T-F0039-P1364,uuid:0ee531d0-e5d1-47c9-9ef0-6584fbea2dfa,delete
T-F0021-P0053,uuid:459d9948-e7b9-4cfc-af5c-7d03ef16cc7c,delete
T-F0039-P1928,uuid:50d12702-7a07-4329-98dd-1af786a4a9b5,delete
T-F0082-P2000,uuid:59e86130-a334-401e-9f9e-52f8437d375d,delete
T-F0008-P0672,uuid:59ef1846-8d63-48b3-a403-af8e9bc61211,delete
T-F0021-P0376,uuid:5b06f8a4-3eb9-495c-a63b-54893725f5b2,delete
T-F0036-P1555,uuid:5c062ea8-ed15-4f42-ba67-2842d28d7dba,delete
T-F0014-P0978,uuid:5d3ca22b-4ae9-466f-950b-eda331409cd0,delete
T-F0011-P0774,uuid:a86878ca-b53f-4e8b-b49f-1d93ba2dc7df,delete
T-F0095-P1446,uuid:62223422-36d0-4b27-b4b2-97539a63eb49,delete
T-F0099-P1010,uuid:c5e6b190-0441-4251-821e-4f25a1e66d15,delete
T-F0042-P2260,uuid:bb0005e1-cba0-4f6c-a798-5ad457829ffb,delete
T-F0040-P1254,uuid:95d1dc6d-1838-439d-8b8d-a707ca065516,delete
T-F0036-P2347,uuid:94fe3466-9c6e-4fb7-b5f1-34fe47d7ee31,delete
T-F0038-P0819,uuid:b4ecf8bb-0798-46b7-bb09-93e280572c64,delete
T-F0081-P1386,uuid:884a8d4b-2445-4ade-aad6-0439173e9aef,delete
T-F0039-P1237,uuid:8996a288-1d0b-4154-bf74-e6417009a875,delete
T-F0005-P0181,uuid:9fced0aa-776e-486b-aa95-be07214285d2,delete
T-F0036-P2685,uuid:b95ab21b-79e2-4f67-8cfd-45125c6217c2,delete
T-F0042-P1567,uuid:c19e9a9f-91c2-4279-b4f3-9c3ad6e53230,delete
T-F0015-P0248,uuid:c1f759ac-218f-4f64-9967-0cc796a50fbb,delete
T-F0101-P0608,uuid:93297b90-637e-414e-8474-d145b1bfd9fe,delete
